{
    "pref_enable_alerts": {
        "type": "switch",
        "default": true,
        "description": "Show an alert in the window list when a window from another workspace requires attention"
    },
    "pref_enable_scrolling": {
        "type": "switch",
        "default": false,
        "description": "Enable mouse-wheel scrolling in the window list"
    },
    "pref_reverse_scrolling": {
        "type": "switch",
        "default": false,
        "description": "Reverse the direction of mouse-wheel scrolling in the window list"
    },
    "pref_middle_click_close": {
        "type": "switch",
        "default": true,
        "description": "Middle click to close window"
    },
    "pref_buttons_use_entire_space": {
        "type": "switch",
        "default": false,
        "description": "Window buttons can have different sizes and use the entire space available"
    },
    "pref_window_preview": {
        "type": "switch",
        "default": true,
        "description": "Show window thumbnails on hover"
    },
    "pref_window_preview_custom_width": {
        "type": "spinbutton",
        "indent": true,
        "default": 200,
        "min": 200,
        "max": 2048,
        "step": 2,
        "dependency": "pref_window_preview",
        "units": "pixels",
        "description": "Custom width for window thumbnails"
    },
    "pref_window_preview_custom_height": {
        "type": "spinbutton",
        "indent": true,
        "default": 150,
        "min": 150,
        "max": 2048,
        "step": 2,
        "dependency": "pref_window_preview",
        "units": "pixels",
        "description": "Custom height for window thumbnails"
    },
    "pref_hide_tooltips": {
        "type": "switch",
        "default": false,
        "description": "Do not display tooltips"
    },
    "pref_hide_labels": {
        "type": "switch",
        "default": false,
        "description": "Hide labels in the window list buttons"
    },
    "pref_invert_menu_items_order": {
        "type": "switch",
        "default": false,
        "description": "Invert context menu items order"
    },
    "pref_sub_menu_placement": {
        "type": "combobox",
        "indent": true,
        "default": 1,
        "description": "Where to display the \"Preferences\" sub-menu?",
        "tooltip": "If the option \"Invert context menu items order\" is enabled, the \"Top of menu\" will actually be the \"Bottom of menu\" and vice versa.",
        "options": {
            "Do not display": 0,
            "Top of menu": 1,
            "Bottom of menu": 2
        }
    }
}
