{
    "demo-button1": {
        "type": "button",
        "description": "To apply these settings, Cinnamon needs to be restarted. Click me!!!",
        "callback": "_restart_cinnamon",
        "tooltip": "Restart Cinnamon"
    },
    "head0": {
        "type": "section",
        "description": "General settings"
    },
    "pref_use_smooth_graphs": {
        "type": "switch",
        "default": true,
        "description": "Use smooth graphs"
    },
    "pref_align_tooltip_text_to_the_left": {
        "type": "switch",
        "default": true,
        "description": "Align tooltip text to the left",
        "tooltip": "For those of us who suffer from the stupidity of using a theme with tooltips aligned to the center. ¬¬"
    },
    "pref_custom_command": {
        "type": "entry",
        "expand-width": true,
        "default": "gnome-system-monitor",
        "description": "Custom command on applet click:"
    },
    "pref_refresh_rate": {
        "type": "spinbutton",
        "default": 1000,
        "min": 100,
        "max": 5000,
        "step": 100,
        "units": "milliseconds",
        "description": "Refresh rate:"
    },
    "pref_draw_background": {
        "type": "switch",
        "default": false,
        "description": "Draw graph background"
    },
    "pref_background_color": {
        "type": "colorchooser",
        "default": "rgba(0,0,0,0)",
        "dependency": "pref_draw_background",
        "indent": true,
        "description": "Background color:"
    },
    "pref_draw_border": {
        "type": "switch",
        "default": false,
        "description": "Draw graph border"
    },
    "pref_border_color": {
        "type": "colorchooser",
        "default": "rgba(0,0,0,0)",
        "dependency": "pref_draw_border",
        "indent": true,
        "description": "Border color:"
    },

    "head1": {
        "type": "section",
        "description": "CPU graph"
    },
    "pref_show_cpu_graph": {
        "type": "switch",
        "default": true,
        "description": "Show CPU graph:"
    },
    "pref_cpu_graph_width": {
        "type": "spinbutton",
        "default": 50,
        "min": 5,
        "max": 400,
        "step": 5,
        "units": "pixels",
        "description": "CPU graph width"
    },
    "head11": {
        "type": "section",
        "description": "CPU graph colors"
    },
    "pref_cpu_graph_color_user": {
        "type": "colorchooser",
        "indent": "true",
        "default": "rgba(252,232,79,1)",
        "description": "User:"
    },
    "pref_cpu_graph_color_nice": {
        "type": "colorchooser",
        "indent": "true",
        "default": "rgba(252,175,61,1)",
        "description": "Nice:"
    },
    "pref_cpu_graph_color_kernel": {
        "type": "colorchooser",
        "indent": "true",
        "default": "rgba(238,41,41,1)",
        "description": "Kernel:"
    },
    "pref_cpu_graph_color_iowait": {
        "type": "colorchooser",
        "indent": "true",
        "default": "rgba(93,0,0,1)",
        "description": "IOWait:"
    },

    "head2": {
        "type": "section",
        "description": "Memory graph"
    },
    "pref_show_memmory_graph": {
        "type": "switch",
        "default": true,
        "description": "Show Memory graph:"
    },
    "pref_memory_graph_width": {
        "type": "spinbutton",
        "default": 50,
        "min": 5,
        "max": 400,
        "step": 5,
        "units": "pixels",
        "description": "Memory graph width"
    },
    "head22": {
        "type": "section",
        "description": "Memory graph colors"
    },
    "pref_memory_graph_color_used": {
        "type": "colorchooser",
        "indent": "true",
        "default": "rgba(118,210,255,1)",
        "description": "Used:"
    },
    "pref_memory_graph_color_cached": {
        "type": "colorchooser",
        "indent": "true",
        "default": "rgba(51,100,164,1)",
        "description": "Cached:"
    },

    "head3": {
        "type": "section",
        "description": "Swap graph"
    },
    "pref_show_swap_graph": {
        "type": "switch",
        "default": true,
        "description": "Show Swap graph:"
    },
    "pref_swap_graph_width": {
        "type": "spinbutton",
        "default": 50,
        "min": 5,
        "max": 400,
        "step": 5,
        "units": "pixels",
        "description": "Swap graph width"
    },
    "head33": {
        "type": "section",
        "description": "Swap graph colors"
    },
    "pref_swap_graph_color_used": {
        "type": "colorchooser",
        "indent": "true",
        "default": "rgba(114,159,206,1)",
        "description": "Used:"
    },

    "head4": {
        "type": "section",
        "description": "Network graph"
    },
    "pref_show_network_graph": {
        "type": "switch",
        "default": true,
        "description": "Show Network graph:"
    },
    "pref_network_graph_width": {
        "type": "spinbutton",
        "default": 50,
        "min": 5,
        "max": 400,
        "step": 5,
        "units": "pixels",
        "description": "Network graph width"
    },
    "head44": {
        "type": "section",
        "description": "Network graph colors"
    },
    "pref_network_graph_color_download": {
        "type": "colorchooser",
        "indent": "true",
        "default": "rgba(138,225,51,1)",
        "description": "Download:"
    },
    "pref_network_graph_color_upload": {
        "type": "colorchooser",
        "indent": "true",
        "default": "rgba(238,41,41,1)",
        "description": "Upload:"
    },

    "head5": {
        "type": "section",
        "description": "Load graph"
    },
    "pref_show_load_graph": {
        "type": "switch",
        "default": true,
        "description": "Show Load graph:"
    },
    "pref_load_graph_width": {
        "type": "spinbutton",
        "default": 50,
        "min": 5,
        "max": 400,
        "step": 5,
        "units": "pixels",
        "description": "Load graph width"
    },
    "head55": {
        "type": "section",
        "description": "Load graph colors"
    },
    "pref_load_graph_color_load": {
        "type": "colorchooser",
        "indent": "true",
        "default": "rgba(204,0,0,1)",
        "description": "Load:"
    },
    "demo-button2": {
        "type": "button",
        "description": "To apply these settings, Cinnamon needs to be restarted. Click me!!!",
        "callback": "_restart_cinnamon",
        "tooltip": "Restart Cinnamon"
    }
}
