{
    "pref_head_1": {
        "type": "section",
        "description": "Applet settings"
    },
    "pref_directory": {
        "type": "filechooser",
        "default": "",
        "description": "Choose main directory",
        "select-dir": true,
        "tooltip": "Choose a directory with files and/or folders in it.\nThe files will be used to create the menu items.\nThe folders will be used to create sub-menus."
    },
    "pref_customtooltip": {
        "type": "entry",
        "expand-width": true,
        "default": "Quick Menu",
        "description": "Custom Tooltip",
        "tooltip": "Set a custom tooltip for the applet."
    },
    "pref_show_customicon": {
        "type": "switch",
        "default": true,
        "description": "Show Applet icon",
        "tooltip": "Display this applet icon."
    },
    "pref_customicon": {
        "type": "iconfilechooser",
        "expand-width": true,
        "default": "folder-open",
        "description": "Icon for Applet",
        "dependency": "pref_show_customicon",
        "indent": true,
        "tooltip": "Set a custom icon for the applet."
    },
    "pref_show_applet_title": {
        "type": "switch",
        "default": false,
        "description": "Show Applet title",
        "tooltip": "Display this applet title."
    },
    "pref_applet_title": {
        "type": "entry",
        "expand-width": true,
        "default": "Quick Menu",
        "description": "Title for Applet",
        "dependency": "pref_show_applet_title",
        "indent": true,
        "tooltip": "Set a custom title for the applet."
    },

    "pref_separator_1": {
        "type": "separator"
    },
    "pref_head_2": {
        "type": "section",
        "description": "Menu settings"
    },
    "pref_hotkey": {
        "type": "keybinding",
        "description": "Keyboard shortcut to open and close the menu",
        "default": ""
    },
    "pref_icon_for_menus": {
        "type": "iconfilechooser",
        "expand-width": true,
        "default": "folder",
        "description": "Icon for sub-menus",
        "tooltip": "Set a custom icon for the applet."
    },
    "pref_style_for_sub_menus": {
        "type": "entry",
        "expand-width": true,
        "default": "font-weight:bold;",
        "description": "Style for sub-menus",
        "tooltip": "Set a custom style for the sub-menus."
    },
    "pref_style_for_menu_items": {
        "type": "entry",
        "expand-width": true,
        "default": "",
        "description": "Style for menu items",
        "tooltip": "Set a custom style for the menu items."
    },
    "pref_autoupdate": {
        "type": "switch",
        "default": false,
        "description": "Auto-update menu",
        "tooltip": "If enabled, the applet will monitor the main folder for added/deleted/renamed files/folders and rebuild the menu.\nIf disabled, the menu will have to be updated manually from its context menu."
    },
    "pref_show_only_desktop_files": {
        "type": "switch",
        "default": true,
        "description": "Show only .desktop files",
        "tooltip": "If enabled, only .desktop files will be used to create the menu.\nIf disabled, all file types will be used to create the menu."
    },
    "pref_show_hidden_files": {
        "type": "switch",
        "default": false,
        "description": "Show hidden files",
        "tooltip": "If enabled, hidden files will be used to create menu items."
    },
    "pref_show_hidden_folders": {
        "type": "switch",
        "default": false,
        "description": "Show hidden folders",
        "tooltip": "If enabled, hidden sub folders will also be used to create sub-menus."
    },
    "pref_show_submenu_icons": {
        "type": "switch",
        "default": true,
        "description": "Display sub-menu icons",
        "tooltip": "If disabled, all sub-menu items will be created without icons."
    },
    "pref_sub_menu_icon_size": {
        "type": "spinbutton",
        "default": 24,
        "min": 16,
        "max": 512,
        "step": 1,
        "units": "pixels",
        "indent": true,
        "dependency": "pref_show_submenu_icons",
        "description": "Sub-menus icon size"
    },
    "pref_show_applications_icons": {
        "type": "switch",
        "default": true,
        "description": "Display menu items icon",
        "tooltip": "If disabled, all menu items will be created without icons."
    },
    "pref_menu_item_icon_size": {
        "type": "spinbutton",
        "default": 24,
        "min": 16,
        "max": 512,
        "step": 1,
        "units": "pixels",
        "indent": true,
        "dependency": "pref_show_applications_icons",
        "description": "Menu items icon size"
    },
    "pref_use_different_icons_for_sub_menus": {
        "type": "switch",
        "default": false,
        "description": "Allow sub-menus to each have their own icon",
        "tooltip": "Read this applet help for details about this option usage (Applet context menu > Help item)."
    },
    "pref_sub_menu_icons_file_name": {
        "type": "entry",
        "expand-width": true,
        "default": "0_icons_for_sub_menus.json",
        "description": "Name for the file containing the icons for sub-menus",
        "indent": true,
        "dependency": "pref_use_different_icons_for_sub_menus",
        "tooltip": "Read this applet help for details about this option usage (Applet context menu > Help item)."
    },
    "pref_ignore_sub_folders": {
        "type": "switch",
        "default": false,
        "description": "Ignore sub folders",
        "tooltip": "If enabled, the sub folders found inside the main folder will be ignored and sub-menus will not be created."
    },
    "pref_auto_close_opened_sub_menus": {
        "type": "switch",
        "default": false,
        "description": "Auto-hide opened sub-menus (EXPERIMENTAL/BUGGY)",
        "tooltip": "If enabled, the previously opened sub-menu will be automatically closed.\nIt will only work with sub-menus created at the first level. Sub-menus inside other sub-menus are not affected."
    }
}
