{
    "head0": {
        "type": "section",
        "description": "Applet settings"
    },
    "pref_custom_icon_for_applet": {
        "type": "iconentry",
        "expand-width": true,
        "default": "custom-translate-symbolic",
        "description": "Custom icon"
    },
    "pref_custom_label_for_applet": {
        "type": "entry",
        "expand-width": true,
        "default": "",
        "description": "Custom label"
    },
    "pref_translate_key": {
        "type": "keybinding",
        "description": "Keyboard shortcut to perform a translation",
        "default": ""
    },
    "pref_force_translate_key": {
        "type": "keybinding",
        "description": "Keyboard shortcut to perform a forced translation",
        "default": ""
    },
    "head1": {
        "type": "section",
        "description": "Translation settings"
    },
    "pref_service_provider": {
        "type": "combobox",
        "default": "google",
        "description": "Service provider",
        "options": {
            "Google Translator": "google",
            "Yandex Translator": "yandex"
        }
    },
    "pref_source_lang": {
        "type": "combobox",
        "default": "",
        "description": "Source language",
        "options": {
            "Auto": "",
            "Afrikaans (G)": "af",
            "Albanian": "sq",
            "Amharic": "am",
            "Arabic": "ar",
            "Armenian": "hy",
            "Azerbaijani": "az",
            "Basque (G)": "eu",
            "Belarusian": "be",
            "Bengali (G)": "bn",
            "Bosnian (Y)": "bs",
            "Bulgarian": "bg",
            "Catalan": "ca",
            "Cebuano": "ny",
            "Chichewa": "ceb",
            "Chinese (Y)": "zh",
            "Chinese (G)": "zh-CN",
            "Corsican": "co",
            "Croatian": "hr",
            "Czech": "cs",
            "Danish": "da",
            "Dutch": "nl",
            "English": "en",
            "Esperanto (G)": "eo",
            "Estonian": "et",
            "Filipino (G)": "tl",
            "Finnish": "fi",
            "French": "fr",
            "Frisian (G)": "fy",
            "Galician (G)": "gl",
            "Georgian": "ka",
            "German": "de",
            "Greek": "el",
            "Gujarati (G)": "gu",
            "Haitian Creole": "ht",
            "Hausa (G)": "ha",
            "Hawaiian (G)": "haw",
            "Hebrew (Y)": "he",
            "Hebrew (G)": "iw",
            "Hindi": "hi",
            "Hmong": "hmn",
            "Hungarian": "hu",
            "Icelandic": "is",
            "Igbo": "ig",
            "Indonesian": "id",
            "Irish (G)": "ga",
            "Italian": "it",
            "Japanese": "ja",
            "Javanese": "jw",
            "Kannada (G)": "kn",
            "Kazakh (G)": "kk",
            "Khmer (G)": "km",
            "Korean": "ko",
            "Kurdish (Kurmanji) (G)": "ku",
            "Kyrgyz (G)": "ky",
            "Lao (G)": "lo",
            "Latin (G)": "la",
            "Latvian": "lv",
            "Lithuanian": "lt",
            "Luxembourgish": "lb",
            "Macedonian": "mk",
            "Malagasy": "mg",
            "Malay": "ms",
            "Malayalam": "ml",
            "Maltese": "mt",
            "Maori (G)": "mi",
            "Marathi (G)": "mr",
            "Mongolian (G)": "mn",
            "Myanmar (Burmese) (G)": "my",
            "Nepali (G)": "ne",
            "Norwegian": "no",
            "Pashto": "ps",
            "Persian": "fa",
            "Polish": "pl",
            "Portuguese": "pt",
            "Punjabi (G)": "pa",
            "Romanian": "ro",
            "Russian": "ru",
            "Samoan (G)": "sm",
            "Scots Gaelic (G)": "gd",
            "Serbian": "sr",
            "Sesotho (G)": "st",
            "Shona (G)": "sn",
            "Sindhi (G)": "sd",
            "Sinhala (G)": "si",
            "Slovak": "sk",
            "Slovenian": "sl",
            "Somali": "so",
            "Spanish": "es",
            "Sundanese (G)": "su",
            "Swahili (G)": "sw",
            "Swedish": "sv",
            "Tajik (G)": "tg",
            "Tamil (G)": "ta",
            "Telugu (G)": "te",
            "Thai": "th",
            "Turkish": "tr",
            "Ukrainian": "uk",
            "Urdu": "ur",
            "Uzbek (G)": "uz",
            "Vietnamese": "vi",
            "Welsh": "cy",
            "Xhosa (G)": "xh",
            "Yiddish (G)": "yi",
            "Yoruba (G)": "yo",
            "Zulu (G)": "zu"
        }
    },
    "pref_target_lang": {
        "type": "combobox",
        "default": "en",
        "description": "Target language",
        "options": {
            "Afrikaans (G)": "af",
            "Albanian": "sq",
            "Amharic": "am",
            "Arabic": "ar",
            "Armenian": "hy",
            "Azerbaijani": "az",
            "Basque (G)": "eu",
            "Belarusian": "be",
            "Bengali (G)": "bn",
            "Bosnian (Y)": "bs",
            "Bulgarian": "bg",
            "Catalan": "ca",
            "Cebuano": "ny",
            "Chichewa": "ceb",
            "Chinese (Y)": "zh",
            "Chinese (G)": "zh-CN",
            "Corsican": "co",
            "Croatian": "hr",
            "Czech": "cs",
            "Danish": "da",
            "Dutch": "nl",
            "English": "en",
            "Esperanto (G)": "eo",
            "Estonian": "et",
            "Filipino (G)": "tl",
            "Finnish": "fi",
            "French": "fr",
            "Frisian (G)": "fy",
            "Galician (G)": "gl",
            "Georgian": "ka",
            "German": "de",
            "Greek": "el",
            "Gujarati (G)": "gu",
            "Haitian Creole": "ht",
            "Hausa (G)": "ha",
            "Hawaiian (G)": "haw",
            "Hebrew (Y)": "he",
            "Hebrew (G)": "iw",
            "Hindi": "hi",
            "Hmong": "hmn",
            "Hungarian": "hu",
            "Icelandic": "is",
            "Igbo": "ig",
            "Indonesian": "id",
            "Irish (G)": "ga",
            "Italian": "it",
            "Japanese": "ja",
            "Javanese": "jw",
            "Kannada (G)": "kn",
            "Kazakh (G)": "kk",
            "Khmer (G)": "km",
            "Korean": "ko",
            "Kurdish (Kurmanji) (G)": "ku",
            "Kyrgyz (G)": "ky",
            "Lao (G)": "lo",
            "Latin (G)": "la",
            "Latvian": "lv",
            "Lithuanian": "lt",
            "Luxembourgish": "lb",
            "Macedonian": "mk",
            "Malagasy": "mg",
            "Malay": "ms",
            "Malayalam": "ml",
            "Maltese": "mt",
            "Maori (G)": "mi",
            "Marathi (G)": "mr",
            "Mongolian (G)": "mn",
            "Myanmar (Burmese) (G)": "my",
            "Nepali (G)": "ne",
            "Norwegian": "no",
            "Pashto": "ps",
            "Persian": "fa",
            "Polish": "pl",
            "Portuguese": "pt",
            "Punjabi (G)": "pa",
            "Romanian": "ro",
            "Russian": "ru",
            "Samoan (G)": "sm",
            "Scots Gaelic (G)": "gd",
            "Serbian": "sr",
            "Sesotho (G)": "st",
            "Shona (G)": "sn",
            "Sindhi (G)": "sd",
            "Sinhala (G)": "si",
            "Slovak": "sk",
            "Slovenian": "sl",
            "Somali": "so",
            "Spanish": "es",
            "Sundanese (G)": "su",
            "Swahili (G)": "sw",
            "Swedish": "sv",
            "Tajik (G)": "tg",
            "Tamil (G)": "ta",
            "Telugu (G)": "te",
            "Thai": "th",
            "Turkish": "tr",
            "Ukrainian": "uk",
            "Urdu": "ur",
            "Uzbek (G)": "uz",
            "Vietnamese": "vi",
            "Welsh": "cy",
            "Xhosa (G)": "xh",
            "Yiddish (G)": "yi",
            "Yoruba (G)": "yo",
            "Zulu (G)": "zu"
        }
    },
    "head2": {
        "type": "section",
        "description": "Popup elements appearance"
    },
    "pref_style_for_language_pair": {
        "type": "entry",
        "expand-width": true,
        "default": "font-weight: bold; font-size: 1.2em; padding-bottom: 5px;",
        "description": "Language pair style"
    },
    "pref_style_for_translated_text": {
        "expand-width": "entry",
        "default": "font-size: 1.2em; padding-bottom: 5px;",
        "description": "Translated text style"
    },
    "pref_style_for_footer": {
        "expand-width": "entry",
        "default": "font-weight: bold; font-size: 1.2em;",
        "description": "Footer style"
    },
    "head3": {
        "type": "section",
        "description": "Translation history settings"
    },
    "pref_history_timestamp": {
        "type": "combobox",
        "default": 0,
        "description": "Timestamp for translation history entries",
        "options": {
            "Custom": 0,
            "YYYY MM-DD hh:mm:ss (ISO8601)": 1,
            "YYYY DD-MM hh:mm:ss (European)": 2
        }
    },
    "pref_history_timestamp_custom": {
        "type": "entry",
        "expand-width": true,
        "default": "YYYY-MM-DD hh:mm:ss",
        "description": "Custom timestamp",
        "tooltip": "Choose a custom timestamp for the translation history entries.\nYYYY: year\nMM: month\nDD: day\nhh: hours\nmm: minutes\nss: seconds"
    },
    "pref_history_initial_window_width": {
        "type": "spinbutton",
        "default": 800,
        "min": 400,
        "max": 2048,
        "step": 50,
        "units": "pixels",
        "description": "History window initial width"
    },
    "pref_history_initial_window_height": {
        "type": "spinbutton",
        "default": 600,
        "min": 400,
        "max": 2048,
        "step": 50,
        "units": "pixels",
        "description": "History window initial height"
    },
    "pref_history_width_to_trigger_word_wrap": {
        "type": "spinbutton",
        "default": 300,
        "min": 100,
        "max": 1024,
        "step": 10,
        "units": "pixels",
        "description": "Width to trigger word wrap",
        "tooltip": "The \"Source text\" and \"Target text\" columns on the history window will wrap its text at the width defined by this setting."
    },
    "head4": {
        "type": "section",
        "description": "Yandex translator settings"
    },
    "pref_yandex_api_keys": {
        "type": "textview",
        "description": "API keys",
        "default": "",
        "tooltip": "Enter one API key per line.\nRead the HELP.md file (Help item on this applet context menu) found inside this applet folder to know how to get free Yandex API keys.",
        "height": 150
    },
    "pref_translation_history": {
        "type": "generic",
        "default": {}
    }
}
