{
    "head0": {
        "type": "section",
        "description": "Applet settings"
    },
    "pref_custom_icon_for_applet": {
        "type": "iconfilechooser",
        "expand-width": true,
        "default": "custom-cs-extensions-symbolic",
        "description": "Icon",
        "tooltip": "Select an icon to show in the panel."
    },
    "pref_custom_label_for_applet": {
        "type": "entry",
        "expand-width": true,
        "default": "",
        "description": "Custom label",
        "tooltip": "Enter custom text to show in the panel."
    },
    "head1": {
        "type": "section",
        "description": "Extensions menu settings"
    },
    "pref_use_extension_names_as_label": {
        "type": "switch",
        "default": true,
        "description": "Use extension name as label",
        "tooltip": "If disabled, the extension UUID will be used as label for the menu items."
    },
    "pref_show_config_button": {
        "type": "switch",
        "default": true,
        "description": "Show \"Open settings window\" button on extensions menu",
        "tooltip": "If enabled, it will display a button in each extension menu item that will open the extension's settings page (if the extension has a configuration mechanism)."
    },
    "pref_show_spices_button": {
        "type": "switch",
        "default": true,
        "description": "Show \"Spices page\" button on extensions menu",
        "tooltip": "If enabled, it will display a button in each extension menu item that will open the extension's Spices page (if the extension is published on Spices)."
    },
    "pref_show_open_extension_folder_button": {
        "type": "switch",
        "default": true,
        "description": "Show \"Open extension folder\" button on extensions menu",
        "tooltip": "If enabled, it will display a button in each extension menu item that will open the location where the extension is installed."
    },
    "pref_show_edit_extension_file_button": {
        "type": "switch",
        "default": true,
        "description": "Show \"Edit extension main file\" button on extensions menu",
        "tooltip": "If enabled, it will display a button in each extension menu item that will open main extension file (extension.js) with a text editor."
    },
    "pref_keep_enabled_extension_menu_open": {
        "type": "switch",
        "default": true,
        "description": "Keep \"Enabled extensions\" menu open",
        "tooltip": "If enabled, every time that the menu is open, the \"Enabled extensions\" sub menu will be open too."
    },
    "pref_keep_disabled_extension_menu_open": {
        "type": "switch",
        "default": false,
        "description": "Keep \"Disabled extensions\" menu open",
        "tooltip": "If enabled, every time that the menu is open, the \"Disabled extensions\" sub menu will be open too."
    },
    "pref_keep_only_one_menu_open": {
        "type": "switch",
        "default": true,
        "description": "Keep only one menu open at all times"
    },
    "head2": {
        "type": "section",
        "description": "Appearance"
    },
    "pref_icons_on_menu": {
        "type": "switch",
        "default": true,
        "description": "Show icons on menu items"
    },
    "pref_enabled_extensions_style": {
        "type": "entry",
        "expand-width": true,
        "default": "font-weight:bold;",
        "description": "Style for \"Enabled extensions\" sub-menu"
    },
    "pref_disabled_extensions_style": {
        "type": "entry",
        "expand-width": true,
        "default": "font-weight:bold;",
        "description": "Style for \"Disabled extensions\" sub-menu"
    },
    "pref_set_max_menu_height": {
        "type": "switch",
        "default": false,
        "description": "Set max height for the main menu"
    },
    "pref_max_menu_height": {
        "type": "spinbutton",
        "dependency": "pref_set_max_menu_height",
        "description": "Max height for menu",
        "min": 250,
        "max": 2000,
        "step": 50,
        "units": "pixels",
        "default": 500
    },
    "pref_max_width_for_menu_items_label": {
        "type": "spinbutton",
        "description": "Max width for menu items label",
        "min": 0,
        "max": 50,
        "step": 1,
        "units": "ems",
        "default": 15
    },
    "pref_icons_size": {
        "type": "spinbutton",
        "description": "Icon size for menu items",
        "min": 16,
        "max": 96,
        "step": 2,
        "units": "pixels",
        "default": 24
    },
    "pref_initial_load_done": {
        "type": "generic",
        "default": false
    },
    "pref_all_extensions_list": {
        "type": "generic",
        "default": []
    }
}
