{
	"head1": {
		"type": "header",
		"description": "Cinnamon Maximus (Fork by Odyseus) Settings"
	},
	"pref_undecorate_when_tiled": {
		"type": "checkbox",
		"default": false,
		"description": "Undecorate when tiled"
	},
	"pref_undecorate_all": {
		"type": "checkbox",
		"default": false,
		"description": "Undecorate All Windows (Experimental, please close and re-open all windows)"
	},
	"pref_whitelist": {
		"type": "checkbox",
		"default": false,
		"description": "Use Whitelist",
		"tooltip": "If enabled, only the applications specified bellow will have their titlebar removed when maximized.\nIf disabled, all maximized windows will have their titlebar removed."
	},
	"pref_whitelisted_apps": {
		"type": "entry",
		"indent": true,
		"description": "List of applications: ",
		"dependency": "pref_whitelist",
		"tooltip": "\"Use Whitelist\" option must be checked.\nUse a \",\" (comma) to seperate applications.",
		"default": "chromium,firefox"
	},
	"head2": {
		"type": "header",
		"description": "Troubleshooting"
	},
	"pref_logging_enabled": {
		"type": "checkbox",
		"default": false,
		"description": "Enable logging",
		"tooltip": "If enabled, it will log to the Cinnamon log (~/.cinnamon/glass.log) information that could be used to debug the extension."
	},
	"pref_restart_cinnamon": {
		"type": "checkbox",
		"default": false,
		"description": "Check or uncheck to restart Cinnamon",
		"tooltip": "Check or uncheck this options to restart Cinnamon.\nNote: I couldn't make a proper button to work in this settings window, so I had to improvise and I had to use a checkbox. It doesn't really matter if it's checked or unchecked."
	}
}
